[
  {
    "name": "Abercrombie & Fitch Fierce",
    "image": "abercombiefirece.jpg",
    "category": "men"
  },
  {
    "name": "Arabian Oud Madawi",
    "image": "arabian oud madawi.jpg",
    "category": "men"
  },
  {
    "name": "Arabian Oud Madawi",
    "image": "arabian oud madawi.jpg",
    "category": "women"
  },
  {
    "name": "Azzaro Pour Homme",
    "image": "Azzaro pour homme.jpg",
    "category": "men"
  },
  {
    "name": "Blue Sky",
    "image": "Blue Sky.jpg",
    "category": "men"
  },
  {
    "name": "Blue Sky",
    "image": "Blue Sky.jpg",
    "category": "women"
  },
  {
    "name": "Burberry Hero",
    "image": "Burrbery Hero.jpg",
    "category": "men"
  },
  {
    "name": "Carolina Herrera 212 Men",
    "image": "Carolina Herera 212.jpg",
    "category": "men"
  },
  {
    "name": "Chanel Coco Mademoiselle",
    "image": "Chanel Coco Madmoiselle.jpg",
    "category": "women"
  },
  {
    "name": "Chloé Eau de Parfum",
    "image": "Chloe Chloe.jpg",
    "category": "women"
  },
  {
    "name": "Chloé Love Story",
    "image": "Chloe love story.jpg",
    "category": "women"
  },
  {
    "name": "Chloé Nomade",
    "image": "chloe nomade.jpg",
    "category": "women"
  },
  {
    "name": "Christian Dior Ambre Nuit",
    "image": "Dior Amber Nuit.jpg",
    "category": "men"
  },
  {
    "name": "Christian Dior Ambre Nuit",
    "image": "Dior Amber Nuit.jpg",
    "category": "women"
  },
  {
    "name": "Christian Dior Hypnotic Poison",
    "image": "Hypnotic Poison.jpg",
    "category": "women"
  },
  {
    "name": "Creed Aventus",
    "image": "aventus_creed.jpg",
    "category": "men"
  },
  {
    "name": "Creed Aventus Cologne",
    "image": "Aventus Creed Cologne.jpg",
    "category": "men"
  },
  {
    "name": "Creed Aventus for Her",
    "image": "Aventus her.jpg",
    "category": "women"
  },
  {
    "name": "Dolce & Gabbana The One",
    "image": "Dolce Gabanna The ONe.jpg",
    "category": "men"
  },
  {
    "name": "Dubai Beach",
    "image": "Dubai Beach.jpg",
    "category": "men"
  },
  {
    "name": "Dubai Beach",
    "image": "Dubai Beach.jpg",
    "category": "women"
  },
  {
    "name": "Dubai Collection",
    "image": "Dubai Collection.jpg",
    "category": "men"
  },
  {
    "name": "Dubai Collection",
    "image": "Dubai Collection.jpg",
    "category": "women"
  },
  {
    "name": "Giardini di Toscana Bianco Latte",
    "image": "Giardini di Toscana Bianco Latte.jpg",
    "category": "men"
  },
  {
    "name": "Giardini di Toscana Bianco Latte",
    "image": "Giardini di Toscana Bianco Latte.jpg",
    "category": "women"
  },
  {
    "name": "Giorgio Armani Si",
    "image": "Armani SI.jpg",
    "category": "women"
  },
  {
    "name": "Gisada Ambassador",
    "image": "Gisada Ambrassador.jpg",
    "category": "men"
  },
  {
    "name": "Gisada Ambassador",
    "image": "Gisada Ambrassador.jpg",
    "category": "women"
  },
  {
    "name": "Givenchy L’Interdit Rouge",
    "image": "Givenchy linterdit rouge.jpg",
    "category": "women"
  },
  {
    "name": "Golden Sand",
    "image": "Golden Sand.jpg",
    "category": "men"
  },
  {
    "name": "Golden Sand",
    "image": "Golden Sand.jpg",
    "category": "women"
  },
  {
    "name": "Gucci Pour Homme II",
    "image": "Gucci Pour Homme 2.jpg",
    "category": "men"
  },
  {
    "name": "Hugo Boss Bottled",
    "image": "Hugo Boss Bottled.jpg",
    "category": "men"
  },
  {
    "name": "Hugo Boss Hugo",
    "image": "Hugo Boss.jpg",
    "category": "men"
  },
  {
    "name": "Initio Parfums Privés Absolute Aphrodisiac",
    "image": "Initio afrodisac.jpg",
    "category": "men"
  },
  {
    "name": "Initio Parfums Privés Absolute Aphrodisiac",
    "image": "Initio afrodisac.jpg",
    "category": "women"
  },
  {
    "name": "Initio Parfums Privés Absolute Aphrodisiac",
    "image": "Initio afrodisac.jpg",
    "category": "men"
  },
  {
    "name": "Initio Parfums Privés Absolute Aphrodisiac",
    "image": "Initio afrodisac.jpg",
    "category": "women"
  },
  {
    "name": "Initio Parfums Privés Oud for Greatness",
    "image": "Inito Oud For Greatness.jpg",
    "category": "men"
  },
  {
    "name": "Initio Parfums Privés Oud for Greatness",
    "image": "Inito Oud For Greatness.jpg",
    "category": "women"
  },
  {
    "name": "Jacques Bogart Silver Scent",
    "image": "silver scent jamse.jpg",
    "category": "men"
  },
  {
    "name": "Jean Paul Gaultier 2",
    "image": "JPG 2.jpg",
    "category": "men"
  },
  {
    "name": "Jean Paul Gaultier Le Male",
    "image": "JPG Le Male.jpg",
    "category": "men"
  },
  {
    "name": "Jil Sander Man",
    "image": "jil sander man.jpg",
    "category": "men"
  },
  {
    "name": "Joop! Nightlife",
    "image": "Joop Nightlife.jpg",
    "category": "men"
  },
  {
    "name": "Joop! Thrill",
    "image": "Joop Thrill.jpg",
    "category": "men"
  },
  {
    "name": "Kate Moss Kate",
    "image": "Kate Moss Kate.jpg",
    "category": "women"
  },
  {
    "name": "KILIAN Paris Angel Share",
    "image": "Kilian Angel share.jpg",
    "category": "men"
  },
  {
    "name": "KILIAN Paris Angel Share",
    "image": "Kilian Angel share.jpg",
    "category": "women"
  },
  {
    "name": "KILIAN Paris Angel Share",
    "image": "Kilian Angel share.jpg",
    "category": "men"
  },
  {
    "name": "KILIAN Paris Angel Share",
    "image": "Kilian Angel share.jpg",
    "category": "women"
  },
  {
    "name": "KILIAN Paris Straight to Heaven",
    "image": "Kilian STraight to Haven.jpg",
    "category": "men"
  },
  {
    "name": "KILIAN Paris Straight to Heaven",
    "image": "Kilian STraight to Haven.jpg",
    "category": "women"
  },
  {
    "name": "KILIAN Paris Straight to Heaven",
    "image": "Kilian STraight to Haven.jpg",
    "category": "men"
  },
  {
    "name": "KILIAN Paris Straight to Heaven",
    "image": "Kilian STraight to Haven.jpg",
    "category": "women"
  },
  {
    "name": "Lancôme La Vie Est Belle",
    "image": "Lancome LA vie este Belle.jpg",
    "category": "women"
  },
  {
    "name": "Louis Vuitton Ombre Nomade",
    "image": "LV Ombre Nomade.jpg",
    "category": "men"
  },
  {
    "name": "Louis Vuitton Ombre Nomade",
    "image": "LV Ombre Nomade.jpg",
    "category": "women"
  },
  {
    "name": "Maison Francis Kurkdjian Baccarat Rouge 540",
    "image": "Baccarat Rouge.jpg",
    "category": "men"
  },
  {
    "name": "Maison Francis Kurkdjian Baccarat Rouge 540",
    "image": "Baccarat Rouge.jpg",
    "category": "women"
  },
  {
    "name": "Mancera French Riviera",
    "image": "Mancera French Riviera.jpg",
    "category": "men"
  },
  {
    "name": "Mancera French Riviera",
    "image": "Mancera French Riviera.jpg",
    "category": "women"
  },
  {
    "name": "Mancera Red Tobacco",
    "image": "Mancera Red Tobacco.jpg",
    "category": "men"
  },
  {
    "name": "Mancera Red Tobacco",
    "image": "Mancera Red Tobacco.jpg",
    "category": "women"
  },
  {
    "name": "Mekkha",
    "image": "Mekkha.jpg",
    "category": "men"
  },
  {
    "name": "Mekkha",
    "image": "Mekkha.jpg",
    "category": "women"
  },
  {
    "name": "Montale Arabian Tonka",
    "image": "Montale Arabian Tonka.jpg",
    "category": "men"
  },
  {
    "name": "Montale Arabian Tonka",
    "image": "Montale Arabian Tonka.jpg",
    "category": "women"
  },
  {
    "name": "Montblanc Legend",
    "image": "mont blanc Legend.jpg",
    "category": "men"
  },
  {
    "name": "Montblanc Legend Night",
    "image": "Mont Blanc Legend Night.jpg",
    "category": "men"
  },
  {
    "name": "Montblanc Legend Night",
    "image": "Mont Blanc Legend Night.jpg",
    "category": "men"
  },
  {
    "name": "Montblanc Starwalker",
    "image": "Monte Blanc Starwalker.jpg",
    "category": "men"
  },
  {
    "name": "Mugler Angel",
    "image": "Mugler Angel.jpg",
    "category": "women"
  },
  {
    "name": "Musk Tahara",
    "image": "Musk Tahara.jpg",
    "category": "men"
  },
  {
    "name": "Musk Tahara",
    "image": "Musk Tahara.jpg",
    "category": "women"
  },
  {
    "name": "Nasomatto Black Afgano",
    "image": "Nasomatto Black Afghano.jpg",
    "category": "men"
  },
  {
    "name": "Nasomatto Black Afgano",
    "image": "Nasomatto Black Afghano.jpg",
    "category": "women"
  },
  {
    "name": "Nishane Hacivat",
    "image": "Nishane Hacivat.jpg",
    "category": "men"
  },
  {
    "name": "Nishane Hacivat",
    "image": "Nishane Hacivat.jpg",
    "category": "women"
  },
  {
    "name": "Paco Rabanne Fame",
    "image": "Paco Rabanne Fame.jpg",
    "category": "women"
  },
  {
    "name": "Parfums de Marly Delina",
    "image": "De MArly Delina.jpg",
    "category": "women"
  },
  {
    "name": "Parfums de Marly Herod",
    "image": "De Marly Herod.jpg",
    "category": "men"
  },
  {
    "name": "Parfums de Marly Pegasus",
    "image": "De MArly Pegasus.jpg",
    "category": "men"
  },
  {
    "name": "Penhaligon’s Lord George",
    "image": "Penhaligons Lord.jpg",
    "category": "men"
  },
  {
    "name": "Penhaligon’s Lord George",
    "image": "Penhaligons Lord.jpg",
    "category": "women"
  },
  {
    "name": "Prada Amber",
    "image": "Prada AMber.jpg",
    "category": "men"
  },
  {
    "name": "Prada Amber",
    "image": "Prada AMber.jpg",
    "category": "women"
  },
  {
    "name": "Prada Amber Intense",
    "image": "Prada amber intens.jpg",
    "category": "men"
  },
  {
    "name": "Prada Amber Intense",
    "image": "Prada amber intens.jpg",
    "category": "women"
  },
  {
    "name": "Prada L’Homme",
    "image": "Prada l Homme.jpg",
    "category": "men"
  },
  {
    "name": "Prada L’Homme",
    "image": "Prada l Homme.jpg",
    "category": "women"
  },
  {
    "name": "Prada Paradoxe",
    "image": "Prada Paradox.jpg",
    "category": "men"
  },
  {
    "name": "Prada Paradoxe",
    "image": "Prada Paradox.jpg",
    "category": "women"
  },
  {
    "name": "Profumo di Roma Aqua e Zucchero",
    "image": "Profumo di Roma Aqua e Zucchero.jpg",
    "category": "men"
  },
  {
    "name": "Profumo di Roma Aqua e Zucchero",
    "image": "Profumo di Roma Aqua e Zucchero.jpg",
    "category": "women"
  },
  {
    "name": "Red African",
    "image": "Red African.jpg",
    "category": "men"
  },
  {
    "name": "Red African",
    "image": "Red African.jpg",
    "category": "women"
  },
  {
    "name": "Rosendo Mateu No. 5",
    "image": "Rosendo Mateu 5.jpg",
    "category": "men"
  },
  {
    "name": "Rosendo Mateu No. 5",
    "image": "Rosendo Mateu 5.jpg",
    "category": "women"
  },
  {
    "name": "Sean John I Am King",
    "image": "Sean John Im A KIng.jpg",
    "category": "men"
  },
  {
    "name": "Silver Dust",
    "image": "Silver Dust.jpg",
    "category": "men"
  },
  {
    "name": "Silver Dust",
    "image": "Silver Dust.jpg",
    "category": "women"
  },
  {
    "name": "Sospiro Deep Ocean Amber",
    "image": "Sospiro Deep Ocean Amber.jpg",
    "category": "men"
  },
  {
    "name": "Sospiro Deep Ocean Amber",
    "image": "Sospiro Deep Ocean Amber.jpg",
    "category": "women"
  },
  {
    "name": "Stéphane Humbert Lucas Mortal Skin",
    "image": "Stefanie Humbert Mortal Skin.jpg",
    "category": "men"
  },
  {
    "name": "Stéphane Humbert Lucas Mortal Skin",
    "image": "Stefanie Humbert Mortal Skin.jpg",
    "category": "women"
  },
  {
    "name": "Tahara Sweet Pink",
    "image": "Tahara Sweet pink.jpg",
    "category": "men"
  },
  {
    "name": "Tahara Sweet Pink",
    "image": "Tahara Sweet pink.jpg",
    "category": "women"
  },
  {
    "name": "Thierry Mugler Alien",
    "image": "Therry Mugler Alien.jpg",
    "category": "women"
  },
  {
    "name": "Tiziana Terenzi Andromeda",
    "image": "Tiziana Terenzi Andromed.jpg",
    "category": "men"
  },
  {
    "name": "Tiziana Terenzi Andromeda",
    "image": "Tiziana Terenzi Andromed.jpg",
    "category": "women"
  },
  {
    "name": "Tiziana Terenzi Kirke",
    "image": "Tiziana Terenzi Kirke.jpg",
    "category": "men"
  },
  {
    "name": "Tiziana Terenzi Kirke",
    "image": "Tiziana Terenzi Kirke.jpg",
    "category": "women"
  },
  {
    "name": "Tiziana Terenzi Spirito Fiorentino",
    "image": "Tiziana Terenzi Spirito Fiorentino.jpg",
    "category": "men"
  },
  {
    "name": "Tiziana Terenzi Spirito Fiorentino",
    "image": "Tiziana Terenzi Spirito Fiorentino.jpg",
    "category": "women"
  },
  {
    "name": "Tom Ford Cherry Smoke",
    "image": "Tom Ford Cherry Smoke.jpg",
    "category": "men"
  },
  {
    "name": "Tom Ford Cherry Smoke",
    "image": "Tom Ford Cherry Smoke.jpg",
    "category": "women"
  },
  {
    "name": "Tom Ford Extreme Noir",
    "image": "Tom Ford Extream Noir.jpg",
    "category": "men"
  },
  {
    "name": "Tom Ford Lost Cherry",
    "image": "Tom Ford Lost Cherry.jpg",
    "category": "men"
  },
  {
    "name": "Tom Ford Lost Cherry",
    "image": "Tom Ford Lost Cherry.jpg",
    "category": "women"
  },
  {
    "name": "Tom Ford Oud Wood",
    "image": "Tom Ford Oud Wood.jpg",
    "category": "men"
  },
  {
    "name": "Tom Ford Oud Wood",
    "image": "Tom Ford Oud Wood.jpg",
    "category": "women"
  },
  {
    "name": "Tom Ford Tobacco Vanille",
    "image": "tom ford tobaco van .jpg",
    "category": "men"
  },
  {
    "name": "Tom Ford Tobacco Vanille",
    "image": "tom ford tobaco van .jpg",
    "category": "women"
  },
  {
    "name": "Tom Ford Ébène Fumé",
    "image": "Tom Ford Ebene Fumo.jpg",
    "category": "men"
  },
  {
    "name": "Tom Ford Ébène Fumé",
    "image": "Tom Ford Ebene Fumo.jpg",
    "category": "women"
  },
  {
    "name": "Valentino Uomo",
    "image": "valentino.jpg",
    "category": "men"
  },
  {
    "name": "Versace Man Eau Fraîche",
    "image": "Versace Fraiche Man.jpg",
    "category": "men"
  },
  {
    "name": "Versace Pour Homme",
    "image": "versace.jpg",
    "category": "men"
  },
  {
    "name": "Widian London",
    "image": "Widian London.jpg",
    "category": "men"
  },
  {
    "name": "Widian London",
    "image": "Widian London.jpg",
    "category": "women"
  },
  {
    "name": "Widian London",
    "image": "Widian London.jpg",
    "category": "men"
  },
  {
    "name": "Widian London",
    "image": "Widian London.jpg",
    "category": "women"
  },
  {
    "name": "Xerjoff Accento",
    "image": "Xerjoff Accento.jpg",
    "category": "men"
  },
  {
    "name": "Xerjoff Accento",
    "image": "Xerjoff Accento.jpg",
    "category": "women"
  },
  {
    "name": "Xerjoff Alexandria II",
    "image": "Xerjoff Alexandria 2.jpg",
    "category": "men"
  },
  {
    "name": "Xerjoff Alexandria II",
    "image": "Xerjoff Alexandria 2.jpg",
    "category": "women"
  },
  {
    "name": "Xerjoff Amber Star",
    "image": "Xerjoff Amber Star.jpg",
    "category": "men"
  },
  {
    "name": "Xerjoff Amber Star",
    "image": "Xerjoff Amber Star.jpg",
    "category": "women"
  },
  {
    "name": "Xerjoff Amber Star",
    "image": "Xerjoff Amber Star.jpg",
    "category": "men"
  },
  {
    "name": "Xerjoff Amber Star",
    "image": "Xerjoff Amber Star.jpg",
    "category": "women"
  },
  {
    "name": "Xerjoff Apollonia",
    "image": "Xerjoff Apollonia.jpg",
    "category": "men"
  },
  {
    "name": "Xerjoff Apollonia",
    "image": "Xerjoff Apollonia.jpg",
    "category": "women"
  },
  {
    "name": "Xerjoff Coro",
    "image": "xerjoff coro.jpg",
    "category": "men"
  },
  {
    "name": "Xerjoff Coro",
    "image": "xerjoff coro.jpg",
    "category": "women"
  },
  {
    "name": "Xerjoff Erba Pura",
    "image": "Xerjoff Erba Pura.jpg",
    "category": "men"
  },
  {
    "name": "Xerjoff Erba Pura",
    "image": "Xerjoff Erba Pura.jpg",
    "category": "women"
  },
  {
    "name": "Xerjoff La Capitale",
    "image": "Xerjoff La capitale.jpg",
    "category": "men"
  },
  {
    "name": "Xerjoff La Capitale",
    "image": "Xerjoff La capitale.jpg",
    "category": "women"
  },
  {
    "name": "Xerjoff La Capitale",
    "image": "Xerjoff La capitale.jpg",
    "category": "men"
  },
  {
    "name": "Xerjoff La Capitale",
    "image": "Xerjoff La capitale.jpg",
    "category": "women"
  },
  {
    "name": "Xerjoff Lira",
    "image": "Xerjoff Lira.jpg",
    "category": "men"
  },
  {
    "name": "Xerjoff Lira",
    "image": "Xerjoff Lira.jpg",
    "category": "women"
  },
  {
    "name": "Xerjoff Lira",
    "image": "Xerjoff Lira.jpg",
    "category": "men"
  },
  {
    "name": "Xerjoff Lira",
    "image": "Xerjoff Lira.jpg",
    "category": "women"
  },
  {
    "name": "Xerjoff Naxos",
    "image": "Xerjoff Naxos.jpg",
    "category": "men"
  },
  {
    "name": "Xerjoff Naxos",
    "image": "Xerjoff Naxos.jpg",
    "category": "women"
  },
  {
    "name": "Xerjoff Overture",
    "image": "Xerjoff Overture.jpg",
    "category": "men"
  },
  {
    "name": "Xerjoff Overture",
    "image": "Xerjoff Overture.jpg",
    "category": "women"
  },
  {
    "name": "Xerjoff Overture",
    "image": "Xerjoff Overture.jpg",
    "category": "men"
  },
  {
    "name": "Xerjoff Overture",
    "image": "Xerjoff Overture.jpg",
    "category": "women"
  },
  {
    "name": "Xerjoff Tony Iommi Monkey Special",
    "image": "xerjoff tony jommy.jpg",
    "category": "men"
  },
  {
    "name": "Xerjoff Tony Iommi Monkey Special",
    "image": "xerjoff tony jommy.jpg",
    "category": "women"
  },
  {
    "name": "Xerjoff Torino 21",
    "image": "tornio 21.jpg",
    "category": "men"
  },
  {
    "name": "Xerjoff Torino 21",
    "image": "tornio 21.jpg",
    "category": "women"
  },
  {
    "name": "Xerjoff Torino 21",
    "image": "Xerjoff Torino 21.jpg",
    "category": "men"
  },
  {
    "name": "Xerjoff Torino 21",
    "image": "Xerjoff Torino 21.jpg",
    "category": "women"
  },
  {
    "name": "Xerjoff Uden",
    "image": "xerjoff uden .jpg",
    "category": "men"
  },
  {
    "name": "Xerjoff Uden",
    "image": "xerjoff uden .jpg",
    "category": "women"
  },
  {
    "name": "Zadig & Voltaire This Is Her!",
    "image": "Zadig Voltag This Is Her.jpg",
    "category": "women"
  }
]